{"B2": {"mean": 0.08547700196504593, "std": 0.12504585087299347}, "B3": {"mean": 0.0942675769329071, "std": 0.11895058304071426}, "B4": {"mean": 0.08868560194969177, "std": 0.12011885643005371}, "B5": {"mean": 0.11102159321308136, "std": 0.13165883719921112}, "B8": {"mean": 0.15489104390144348, "std": 0.15296363830566406}, "NDCI": {"mean": 0.11961323022842407, "std": 0.16068819165229797}, "NDVI": {"mean": 0.1596447080373764, "std": 0.36550137400627136}, "FAI": {"mean": -0.02760574035346508, "std": 0.04744964465498924}, "B5_B4_ratio": {"mean": 1.3642174005508423, "std": 0.5199561715126038}, "B3_B2_ratio": {"mean": 1.3453179597854614, "std": 1.8007416725158691}, "B8_B3_ratio": {"mean": 1.7665410041809082, "std": 1.432371973991394}, "temp_air_2m": {"mean": 21.73821449279785, "std": 6.201499938964844}, "solar_radiation": {"mean": 362472.15625, "std": 291884.875}, "precipitation": {"mean": 5.3234758524922654e-05, "std": 0.0004032743745483458}, "wind_speed_10m": {"mean": 2.5770864486694336, "std": 1.1825541257858276}, "wind_u_10m": {"mean": -0.33806610107421875, "std": 1.7856919765472412}, "wind_v_10m": {"mean": -0.5229777097702026, "std": 2.112656593322754}, "surface_pressure": {"mean": 1014.0122680664062, "std": 5.020997047424316}}