{
  "per_year": [
    {
      "year": 2023,
      "n": 121,
      "hab": 41,
      "auc_habnet": 0.9958841463414635,
      "auc_xgb": 0.9821646341463415,
      "chl_mean_hab": 43.96476653852414,
      "chl_mean_nohab": 3.018852392652377
    },
    {
      "year": 2024,
      "n": 61,
      "hab": 1,
      "auc_habnet": 0.9999999999999999,
      "auc_xgb": 0.0,
      "chl_mean_hab": 10.7,
      "chl_mean_nohab": 2.506017128560333
    }
  ],
  "auc_real": {
    "habnet": 0.997704081632653,
    "xgb": 0.9585884353741498
  },
  "auc_mean": {
    "habnet": 0.8783163265306122,
    "xgb": 0.9220238095238095
  },
  "pearson_chl": {
    "habnet": 0.8144357335765657,
    "xgb": 0.8411914838497446
  },
  "cambio_era5": {
    "habnet_mean": 0.20822453498840332,
    "xgb_mean": 0.18654920160770416
  }
}