{
  "lago_de_yojoa": [
    0.015149183571338654,
    0.014559758827090263,
    0.024802906438708305,
    0.02822464145720005,
    0.0197853222489357,
    0.01898324303328991,
    -0.12358901649713516,
    -0.019388869404792786,
    0.03163301944732666,
    -0.11300194263458252,
    0.20702335238456726
  ],
  "cajon": [
    NaN,
    NaN,
    NaN,
    NaN,
    NaN,
    NaN,
    NaN,
    NaN,
    NaN,
    NaN,
    NaN
  ],
  "golfo_fonseca": [
    -0.027534760534763336,
    -0.03419364616274834,
    -0.019327960908412933,
    -0.016131289303302765,
    -0.013641176745295525,
    0.05876116827130318,
    0.03450663387775421,
    -0.007739301770925522,
    0.11348950862884521,
    -0.14726924896240234,
    0.12642937898635864
  ]
}