{
  "lago_de_yojoa": {
    "n": 33,
    "hab_rate": 0.3333333432674408,
    "auc_oof": 1.0,
    "f1_oof_05": 0.9523809523809523,
    "f1_optimo": 1.0,
    "threshold_optimo": 0.44,
    "pearson_chl": 0.5668686510565291,
    "spearman_chl": 0.7746291194132067,
    "prob_mean": 0.42774085790822003,
    "prob_p95": 0.722942006587982
  },
  "cajon": {
    "n": 10,
    "hab_rate": 0.30000001192092896,
    "auc_oof": 1.0,
    "f1_oof_05": 1.0,
    "f1_optimo": 1.0,
    "threshold_optimo": 0.44,
    "pearson_chl": 0.7146678116244599,
    "spearman_chl": 0.6443798763008685,
    "prob_mean": 0.43543588668107985,
    "prob_p95": 0.8569103866815567
  },
  "golfo_fonseca": {
    "n": 640,
    "hab_rate": 0.3203125,
    "auc_oof": 0.9777347911410149,
    "f1_oof_05": 0.9124423963133641,
    "f1_optimo": 0.9140271493212669,
    "threshold_optimo": 0.48000000000000004,
    "pearson_chl": 0.7524256329852286,
    "spearman_chl": 0.7293484542489234,
    "prob_mean": 0.42705798915121707,
    "prob_p95": 0.8566439747810364
  }
}